n, n log n, quadratic
10000, 0.002734375, 0.25
20000, 0.0028044871794871795, 1.015625
30000, 0.00546875, 2.375
40000, 0.007291666666666667, 2.90625
50000, 0.020833333333333332, 4.5625
60000, 0.015625, 8.65625
70000, 0.021875, 9.0
80000, 0.018229166666666668, 17.859375
90000, 0.018229166666666668, 17.109375
100000, 0.0546875, 20.5
